entity_id,entity_type,canonical_name,aliases,description,relation,start_year,end_year,confidence,notes
cow:2,polity,United States of America,USA,Independent state in the Correlates of War interstate system (COW ccode 2; abbreviation USA),exists,1816,,high,"COW membership spell 1816-01-01 to 2024-12-31 (still a system member in v2024; end left open); COW citation: Correlates of War Project. 2025. ""State System Membership, v2024."" Online, https://correlatesofwar.org; retrieved 2026-10-04"
cow:20,polity,Canada,CAN,Independent state in the Correlates of War interstate system (COW ccode 20; abbreviation CAN),exists,1920,,high,"COW membership spell 1920-01-10 to 2024-12-31 (still a system member in v2024; end left open); COW citation: Correlates of War Project. 2025. ""State System Membership, v2024."" Online, https://correlatesofwar.org; retrieved 2026-10-04"
cow:31,polity,Bahamas,BHM,Independent state in the Correlates of War interstate system (COW ccode 31; abbreviation BHM),exists,1973,,high,"COW membership spell 1973-07-10 to 2024-12-31 (still a system member in v2024; end left open); COW citation: Correlates of War Project. 2025. ""State System Membership, v2024."" Online, https://correlatesofwar.org; retrieved 2026-10-04"
cow:40,polity,Cuba,CUB,Independent state in the Correlates of War interstate system (COW ccode 40; abbreviation CUB),exists,1902,1906,high,"COW membership spell 1902-05-20 to 1906-09-25; COW citation: Correlates of War Project. 2025. ""State System Membership, v2024."" Online, https://correlatesofwar.org; retrieved 2026-10-04"
cow:40b,polity,Cuba,CUB,Independent state in the Correlates of War interstate system (COW ccode 40; abbreviation CUB),exists,1909,,high,"COW membership spell 1909-01-23 to 2024-12-31 (still a system member in v2024; end left open); COW citation: Correlates of War Project. 2025. ""State System Membership, v2024."" Online, https://correlatesofwar.org; retrieved 2026-10-04; re-entry spell of a state that exited the system and later returned (continuous membership is NOT implied across the gap)"
cow:41,polity,Haiti,HAI,Independent state in the Correlates of War interstate system (COW ccode 41; abbreviation HAI),exists,1859,1915,high,"COW membership spell 1859-01-01 to 1915-07-28; COW citation: Correlates of War Project. 2025. ""State System Membership, v2024."" Online, https://correlatesofwar.org; retrieved 2026-10-04"
cow:41b,polity,Haiti,HAI,Independent state in the Correlates of War interstate system (COW ccode 41; abbreviation HAI),exists,1934,,high,"COW membership spell 1934-08-15 to 2024-12-31 (still a system member in v2024; end left open); COW citation: Correlates of War Project. 2025. ""State System Membership, v2024."" Online, https://correlatesofwar.org; retrieved 2026-10-04; re-entry spell of a state that exited the system and later returned (continuous membership is NOT implied across the gap)"
cow:42,polity,Dominican Republic,DOM,Independent state in the Correlates of War interstate system (COW ccode 42; abbreviation DOM),exists,1894,1916,high,"COW membership spell 1894-01-01 to 1916-11-29; COW citation: Correlates of War Project. 2025. ""State System Membership, v2024."" Online, https://correlatesofwar.org; retrieved 2026-10-04"
cow:42b,polity,Dominican Republic,DOM,Independent state in the Correlates of War interstate system (COW ccode 42; abbreviation DOM),exists,1924,,high,"COW membership spell 1924-09-29 to 2024-12-31 (still a system member in v2024; end left open); COW citation: Correlates of War Project. 2025. ""State System Membership, v2024."" Online, https://correlatesofwar.org; retrieved 2026-10-04; re-entry spell of a state that exited the system and later returned (continuous membership is NOT implied across the gap)"
cow:51,polity,Jamaica,JAM,Independent state in the Correlates of War interstate system (COW ccode 51; abbreviation JAM),exists,1962,,high,"COW membership spell 1962-08-06 to 2024-12-31 (still a system member in v2024; end left open); COW citation: Correlates of War Project. 2025. ""State System Membership, v2024."" Online, https://correlatesofwar.org; retrieved 2026-10-04"
cow:52,polity,Trinidad and Tobago,TRI,Independent state in the Correlates of War interstate system (COW ccode 52; abbreviation TRI),exists,1962,,high,"COW membership spell 1962-08-31 to 2024-12-31 (still a system member in v2024; end left open); COW citation: Correlates of War Project. 2025. ""State System Membership, v2024."" Online, https://correlatesofwar.org; retrieved 2026-10-04"
cow:53,polity,Barbados,BAR,Independent state in the Correlates of War interstate system (COW ccode 53; abbreviation BAR),exists,1966,,high,"COW membership spell 1966-11-30 to 2024-12-31 (still a system member in v2024; end left open); COW citation: Correlates of War Project. 2025. ""State System Membership, v2024."" Online, https://correlatesofwar.org; retrieved 2026-10-04"
cow:54,polity,Dominica,DMA,Independent state in the Correlates of War interstate system (COW ccode 54; abbreviation DMA),exists,1978,,high,"COW membership spell 1978-11-03 to 2024-12-31 (still a system member in v2024; end left open); COW citation: Correlates of War Project. 2025. ""State System Membership, v2024."" Online, https://correlatesofwar.org; retrieved 2026-10-04"
cow:55,polity,Grenada,GRN,Independent state in the Correlates of War interstate system (COW ccode 55; abbreviation GRN),exists,1974,,high,"COW membership spell 1974-02-07 to 2024-12-31 (still a system member in v2024; end left open); COW citation: Correlates of War Project. 2025. ""State System Membership, v2024."" Online, https://correlatesofwar.org; retrieved 2026-10-04"
cow:56,polity,St. Lucia,SLU,Independent state in the Correlates of War interstate system (COW ccode 56; abbreviation SLU),exists,1979,,high,"COW membership spell 1979-02-22 to 2024-12-31 (still a system member in v2024; end left open); COW citation: Correlates of War Project. 2025. ""State System Membership, v2024."" Online, https://correlatesofwar.org; retrieved 2026-10-04"
cow:57,polity,St. Vincent and the Grenadines,SVG,Independent state in the Correlates of War interstate system (COW ccode 57; abbreviation SVG),exists,1979,,high,"COW membership spell 1979-10-27 to 2024-12-31 (still a system member in v2024; end left open); COW citation: Correlates of War Project. 2025. ""State System Membership, v2024."" Online, https://correlatesofwar.org; retrieved 2026-10-04"
cow:58,polity,Antigua & Barbuda,AAB,Independent state in the Correlates of War interstate system (COW ccode 58; abbreviation AAB),exists,1981,,high,"COW membership spell 1981-11-01 to 2024-12-31 (still a system member in v2024; end left open); COW citation: Correlates of War Project. 2025. ""State System Membership, v2024."" Online, https://correlatesofwar.org; retrieved 2026-10-04"
cow:60,polity,St. Kitts and Nevis,SKN,Independent state in the Correlates of War interstate system (COW ccode 60; abbreviation SKN),exists,1983,,high,"COW membership spell 1983-09-19 to 2024-12-31 (still a system member in v2024; end left open); COW citation: Correlates of War Project. 2025. ""State System Membership, v2024."" Online, https://correlatesofwar.org; retrieved 2026-10-04"
cow:70,polity,Mexico,MEX,Independent state in the Correlates of War interstate system (COW ccode 70; abbreviation MEX),exists,1831,,high,"COW membership spell 1831-01-01 to 2024-12-31 (still a system member in v2024; end left open); COW citation: Correlates of War Project. 2025. ""State System Membership, v2024."" Online, https://correlatesofwar.org; retrieved 2026-10-04"
cow:80,polity,Belize,BLZ,Independent state in the Correlates of War interstate system (COW ccode 80; abbreviation BLZ),exists,1981,,high,"COW membership spell 1981-09-21 to 2024-12-31 (still a system member in v2024; end left open); COW citation: Correlates of War Project. 2025. ""State System Membership, v2024."" Online, https://correlatesofwar.org; retrieved 2026-10-04"
cow:90,polity,Guatemala,GUA,Independent state in the Correlates of War interstate system (COW ccode 90; abbreviation GUA),exists,1868,,high,"COW membership spell 1868-01-01 to 2024-12-31 (still a system member in v2024; end left open); COW citation: Correlates of War Project. 2025. ""State System Membership, v2024."" Online, https://correlatesofwar.org; retrieved 2026-10-04"
cow:91,polity,Honduras,HON,Independent state in the Correlates of War interstate system (COW ccode 91; abbreviation HON),exists,1899,,high,"COW membership spell 1899-01-01 to 2024-12-31 (still a system member in v2024; end left open); COW citation: Correlates of War Project. 2025. ""State System Membership, v2024."" Online, https://correlatesofwar.org; retrieved 2026-10-04"
cow:92,polity,El Salvador,SAL,Independent state in the Correlates of War interstate system (COW ccode 92; abbreviation SAL),exists,1875,,high,"COW membership spell 1875-01-01 to 2024-12-31 (still a system member in v2024; end left open); COW citation: Correlates of War Project. 2025. ""State System Membership, v2024."" Online, https://correlatesofwar.org; retrieved 2026-10-04"
cow:93,polity,Nicaragua,NIC,Independent state in the Correlates of War interstate system (COW ccode 93; abbreviation NIC),exists,1900,,high,"COW membership spell 1900-01-01 to 2024-12-31 (still a system member in v2024; end left open); COW citation: Correlates of War Project. 2025. ""State System Membership, v2024."" Online, https://correlatesofwar.org; retrieved 2026-10-04"
cow:94,polity,Costa Rica,COS,Independent state in the Correlates of War interstate system (COW ccode 94; abbreviation COS),exists,1920,,high,"COW membership spell 1920-01-01 to 2024-12-31 (still a system member in v2024; end left open); COW citation: Correlates of War Project. 2025. ""State System Membership, v2024."" Online, https://correlatesofwar.org; retrieved 2026-10-04"
cow:95,polity,Panama,PAN,Independent state in the Correlates of War interstate system (COW ccode 95; abbreviation PAN),exists,1903,,high,"COW membership spell 1903-11-03 to 2024-12-31 (still a system member in v2024; end left open); COW citation: Correlates of War Project. 2025. ""State System Membership, v2024."" Online, https://correlatesofwar.org; retrieved 2026-10-04"
cow:100,polity,Colombia,COL,Independent state in the Correlates of War interstate system (COW ccode 100; abbreviation COL),exists,1831,,high,"COW membership spell 1831-01-01 to 2024-12-31 (still a system member in v2024; end left open); COW citation: Correlates of War Project. 2025. ""State System Membership, v2024."" Online, https://correlatesofwar.org; retrieved 2026-10-04"
cow:101,polity,Venezuela,VEN,Independent state in the Correlates of War interstate system (COW ccode 101; abbreviation VEN),exists,1841,,high,"COW membership spell 1841-01-01 to 2024-12-31 (still a system member in v2024; end left open); COW citation: Correlates of War Project. 2025. ""State System Membership, v2024."" Online, https://correlatesofwar.org; retrieved 2026-10-04"
cow:110,polity,Guyana,GUY,Independent state in the Correlates of War interstate system (COW ccode 110; abbreviation GUY),exists,1966,,high,"COW membership spell 1966-05-26 to 2024-12-31 (still a system member in v2024; end left open); COW citation: Correlates of War Project. 2025. ""State System Membership, v2024."" Online, https://correlatesofwar.org; retrieved 2026-10-04"
cow:115,polity,Suriname,SUR,Independent state in the Correlates of War interstate system (COW ccode 115; abbreviation SUR),exists,1975,,high,"COW membership spell 1975-11-25 to 2024-12-31 (still a system member in v2024; end left open); COW citation: Correlates of War Project. 2025. ""State System Membership, v2024."" Online, https://correlatesofwar.org; retrieved 2026-10-04"
cow:130,polity,Ecuador,ECU,Independent state in the Correlates of War interstate system (COW ccode 130; abbreviation ECU),exists,1854,,high,"COW membership spell 1854-01-01 to 2024-12-31 (still a system member in v2024; end left open); COW citation: Correlates of War Project. 2025. ""State System Membership, v2024."" Online, https://correlatesofwar.org; retrieved 2026-10-04"
cow:135,polity,Peru,PER,Independent state in the Correlates of War interstate system (COW ccode 135; abbreviation PER),exists,1839,,high,"COW membership spell 1839-01-01 to 2024-12-31 (still a system member in v2024; end left open); COW citation: Correlates of War Project. 2025. ""State System Membership, v2024."" Online, https://correlatesofwar.org; retrieved 2026-10-04"
cow:140,polity,Brazil,BRA,Independent state in the Correlates of War interstate system (COW ccode 140; abbreviation BRA),exists,1822,,high,"COW membership spell 1822-09-07 to 2024-12-31 (still a system member in v2024; end left open); COW citation: Correlates of War Project. 2025. ""State System Membership, v2024."" Online, https://correlatesofwar.org; retrieved 2026-10-04"
cow:145,polity,Bolivia,BOL,Independent state in the Correlates of War interstate system (COW ccode 145; abbreviation BOL),exists,1848,,high,"COW membership spell 1848-01-01 to 2024-12-31 (still a system member in v2024; end left open); COW citation: Correlates of War Project. 2025. ""State System Membership, v2024."" Online, https://correlatesofwar.org; retrieved 2026-10-04"
cow:150,polity,Paraguay,PAR,Independent state in the Correlates of War interstate system (COW ccode 150; abbreviation PAR),exists,1846,1870,high,"COW membership spell 1846-01-01 to 1870-06-20; COW citation: Correlates of War Project. 2025. ""State System Membership, v2024."" Online, https://correlatesofwar.org; retrieved 2026-10-04"
cow:150b,polity,Paraguay,PAR,Independent state in the Correlates of War interstate system (COW ccode 150; abbreviation PAR),exists,1876,,high,"COW membership spell 1876-06-22 to 2024-12-31 (still a system member in v2024; end left open); COW citation: Correlates of War Project. 2025. ""State System Membership, v2024."" Online, https://correlatesofwar.org; retrieved 2026-10-04; re-entry spell of a state that exited the system and later returned (continuous membership is NOT implied across the gap)"
cow:155,polity,Chile,CHL,Independent state in the Correlates of War interstate system (COW ccode 155; abbreviation CHL),exists,1839,,high,"COW membership spell 1839-01-01 to 2024-12-31 (still a system member in v2024; end left open); COW citation: Correlates of War Project. 2025. ""State System Membership, v2024."" Online, https://correlatesofwar.org; retrieved 2026-10-04"
cow:160,polity,Argentina,ARG,Independent state in the Correlates of War interstate system (COW ccode 160; abbreviation ARG),exists,1841,,high,"COW membership spell 1841-01-01 to 2024-12-31 (still a system member in v2024; end left open); COW citation: Correlates of War Project. 2025. ""State System Membership, v2024."" Online, https://correlatesofwar.org; retrieved 2026-10-04"
cow:165,polity,Uruguay,URU,Independent state in the Correlates of War interstate system (COW ccode 165; abbreviation URU),exists,1882,,high,"COW membership spell 1882-01-01 to 2024-12-31 (still a system member in v2024; end left open); COW citation: Correlates of War Project. 2025. ""State System Membership, v2024."" Online, https://correlatesofwar.org; retrieved 2026-10-04"
cow:200,polity,United Kingdom,UKG,Independent state in the Correlates of War interstate system (COW ccode 200; abbreviation UKG),exists,1816,,high,"COW membership spell 1816-01-01 to 2024-12-31 (still a system member in v2024; end left open); COW citation: Correlates of War Project. 2025. ""State System Membership, v2024."" Online, https://correlatesofwar.org; retrieved 2026-10-04"
cow:205,polity,Ireland,IRE,Independent state in the Correlates of War interstate system (COW ccode 205; abbreviation IRE),exists,1922,,high,"COW membership spell 1922-12-06 to 2024-12-31 (still a system member in v2024; end left open); COW citation: Correlates of War Project. 2025. ""State System Membership, v2024."" Online, https://correlatesofwar.org; retrieved 2026-10-04"
cow:210,polity,Netherlands,NTH,Independent state in the Correlates of War interstate system (COW ccode 210; abbreviation NTH),exists,1816,1940,high,"COW membership spell 1816-01-01 to 1940-07-14; COW citation: Correlates of War Project. 2025. ""State System Membership, v2024."" Online, https://correlatesofwar.org; retrieved 2026-10-04"
cow:210b,polity,Netherlands,NTH,Independent state in the Correlates of War interstate system (COW ccode 210; abbreviation NTH),exists,1945,,high,"COW membership spell 1945-06-26 to 2024-12-31 (still a system member in v2024; end left open); COW citation: Correlates of War Project. 2025. ""State System Membership, v2024."" Online, https://correlatesofwar.org; retrieved 2026-10-04; re-entry spell of a state that exited the system and later returned (continuous membership is NOT implied across the gap)"
cow:211,polity,Belgium,BEL,Independent state in the Correlates of War interstate system (COW ccode 211; abbreviation BEL),exists,1830,1940,high,"COW membership spell 1830-12-20 to 1940-05-28; COW citation: Correlates of War Project. 2025. ""State System Membership, v2024."" Online, https://correlatesofwar.org; retrieved 2026-10-04"
cow:211b,polity,Belgium,BEL,Independent state in the Correlates of War interstate system (COW ccode 211; abbreviation BEL),exists,1945,,high,"COW membership spell 1945-06-26 to 2024-12-31 (still a system member in v2024; end left open); COW citation: Correlates of War Project. 2025. ""State System Membership, v2024."" Online, https://correlatesofwar.org; retrieved 2026-10-04; re-entry spell of a state that exited the system and later returned (continuous membership is NOT implied across the gap)"
cow:212,polity,Luxembourg,LUX,Independent state in the Correlates of War interstate system (COW ccode 212; abbreviation LUX),exists,1920,1940,high,"COW membership spell 1920-11-15 to 1940-05-10; COW citation: Correlates of War Project. 2025. ""State System Membership, v2024."" Online, https://correlatesofwar.org; retrieved 2026-10-04"
cow:212b,polity,Luxembourg,LUX,Independent state in the Correlates of War interstate system (COW ccode 212; abbreviation LUX),exists,1944,,high,"COW membership spell 1944-09-10 to 2024-12-31 (still a system member in v2024; end left open); COW citation: Correlates of War Project. 2025. ""State System Membership, v2024."" Online, https://correlatesofwar.org; retrieved 2026-10-04; re-entry spell of a state that exited the system and later returned (continuous membership is NOT implied across the gap)"
cow:220,polity,France,FRN,Independent state in the Correlates of War interstate system (COW ccode 220; abbreviation FRN),exists,1816,1942,high,"COW membership spell 1816-01-01 to 1942-11-11; COW citation: Correlates of War Project. 2025. ""State System Membership, v2024."" Online, https://correlatesofwar.org; retrieved 2026-10-04"
cow:220b,polity,France,FRN,Independent state in the Correlates of War interstate system (COW ccode 220; abbreviation FRN),exists,1944,,high,"COW membership spell 1944-08-25 to 2024-12-31 (still a system member in v2024; end left open); COW citation: Correlates of War Project. 2025. ""State System Membership, v2024."" Online, https://correlatesofwar.org; retrieved 2026-10-04; re-entry spell of a state that exited the system and later returned (continuous membership is NOT implied across the gap)"
cow:221,polity,Monaco,MNC,Independent state in the Correlates of War interstate system (COW ccode 221; abbreviation MNC),exists,1993,,high,"COW membership spell 1993-05-28 to 2024-12-31 (still a system member in v2024; end left open); COW citation: Correlates of War Project. 2025. ""State System Membership, v2024."" Online, https://correlatesofwar.org; retrieved 2026-10-04"
cow:223,polity,Liechtenstein,LIE,Independent state in the Correlates of War interstate system (COW ccode 223; abbreviation LIE),exists,1990,,high,"COW membership spell 1990-09-18 to 2024-12-31 (still a system member in v2024; end left open); COW citation: Correlates of War Project. 2025. ""State System Membership, v2024."" Online, https://correlatesofwar.org; retrieved 2026-10-04"
cow:225,polity,Switzerland,SWZ,Independent state in the Correlates of War interstate system (COW ccode 225; abbreviation SWZ),exists,1816,,high,"COW membership spell 1816-01-01 to 2024-12-31 (still a system member in v2024; end left open); COW citation: Correlates of War Project. 2025. ""State System Membership, v2024."" Online, https://correlatesofwar.org; retrieved 2026-10-04"
cow:230,polity,Spain,SPN,Independent state in the Correlates of War interstate system (COW ccode 230; abbreviation SPN),exists,1816,,high,"COW membership spell 1816-01-01 to 2024-12-31 (still a system member in v2024; end left open); COW citation: Correlates of War Project. 2025. ""State System Membership, v2024."" Online, https://correlatesofwar.org; retrieved 2026-10-04"
cow:232,polity,Andorra,AND,Independent state in the Correlates of War interstate system (COW ccode 232; abbreviation AND),exists,1993,,high,"COW membership spell 1993-07-28 to 2024-12-31 (still a system member in v2024; end left open); COW citation: Correlates of War Project. 2025. ""State System Membership, v2024."" Online, https://correlatesofwar.org; retrieved 2026-10-04"
cow:235,polity,Portugal,POR,Independent state in the Correlates of War interstate system (COW ccode 235; abbreviation POR),exists,1816,,high,"COW membership spell 1816-01-01 to 2024-12-31 (still a system member in v2024; end left open); COW citation: Correlates of War Project. 2025. ""State System Membership, v2024."" Online, https://correlatesofwar.org; retrieved 2026-10-04"
cow:240,polity,Hanover,HAN,Independent state in the Correlates of War interstate system (COW ccode 240; abbreviation HAN),exists,1837,1866,high,"COW membership spell 1837-06-20 to 1866-07-26; COW citation: Correlates of War Project. 2025. ""State System Membership, v2024."" Online, https://correlatesofwar.org; retrieved 2026-10-04"
cow:245,polity,Bavaria,BAV,Independent state in the Correlates of War interstate system (COW ccode 245; abbreviation BAV),exists,1816,1871,high,"COW membership spell 1816-01-01 to 1871-01-18; COW citation: Correlates of War Project. 2025. ""State System Membership, v2024."" Online, https://correlatesofwar.org; retrieved 2026-10-04"
cow:255,polity,Germany,GMY,Independent state in the Correlates of War interstate system (COW ccode 255; abbreviation GMY),exists,1816,1945,high,"COW membership spell 1816-01-01 to 1945-05-08; COW citation: Correlates of War Project. 2025. ""State System Membership, v2024."" Online, https://correlatesofwar.org; retrieved 2026-10-04"
cow:255b,polity,Germany,GMY,Independent state in the Correlates of War interstate system (COW ccode 255; abbreviation GMY),exists,1990,,high,"COW membership spell 1990-10-03 to 2024-12-31 (still a system member in v2024; end left open); COW citation: Correlates of War Project. 2025. ""State System Membership, v2024."" Online, https://correlatesofwar.org; retrieved 2026-10-04; re-entry spell of a state that exited the system and later returned (continuous membership is NOT implied across the gap)"
cow:260,polity,German Federal Republic,GFR,Independent state in the Correlates of War interstate system (COW ccode 260; abbreviation GFR),exists,1955,1990,high,"COW membership spell 1955-05-05 to 1990-10-02; COW citation: Correlates of War Project. 2025. ""State System Membership, v2024."" Online, https://correlatesofwar.org; retrieved 2026-10-04"
cow:265,polity,German Democratic Republic,GDR,Independent state in the Correlates of War interstate system (COW ccode 265; abbreviation GDR),exists,1954,1990,high,"COW membership spell 1954-03-25 to 1990-10-02; COW citation: Correlates of War Project. 2025. ""State System Membership, v2024."" Online, https://correlatesofwar.org; retrieved 2026-10-04"
cow:267,polity,Baden,BAD,Independent state in the Correlates of War interstate system (COW ccode 267; abbreviation BAD),exists,1816,1871,high,"COW membership spell 1816-01-01 to 1871-01-18; COW citation: Correlates of War Project. 2025. ""State System Membership, v2024."" Online, https://correlatesofwar.org; retrieved 2026-10-04"
cow:269,polity,Saxony,SAX,Independent state in the Correlates of War interstate system (COW ccode 269; abbreviation SAX),exists,1816,1867,high,"COW membership spell 1816-01-01 to 1867-04-17; COW citation: Correlates of War Project. 2025. ""State System Membership, v2024."" Online, https://correlatesofwar.org; retrieved 2026-10-04"
cow:271,polity,Wuerttemburg,WRT,Independent state in the Correlates of War interstate system (COW ccode 271; abbreviation WRT),exists,1816,1871,high,"COW membership spell 1816-01-01 to 1871-01-18; COW citation: Correlates of War Project. 2025. ""State System Membership, v2024."" Online, https://correlatesofwar.org; retrieved 2026-10-04"
cow:273,polity,Hesse Electoral,HSE,Independent state in the Correlates of War interstate system (COW ccode 273; abbreviation HSE),exists,1816,1866,high,"COW membership spell 1816-01-01 to 1866-07-26; COW citation: Correlates of War Project. 2025. ""State System Membership, v2024."" Online, https://correlatesofwar.org; retrieved 2026-10-04"
cow:275,polity,Hesse Grand Ducal,HSG,Independent state in the Correlates of War interstate system (COW ccode 275; abbreviation HSG),exists,1816,1867,high,"COW membership spell 1816-01-01 to 1867-04-17; COW citation: Correlates of War Project. 2025. ""State System Membership, v2024."" Online, https://correlatesofwar.org; retrieved 2026-10-04"
cow:280,polity,Mecklenburg Schwerin,MEC,Independent state in the Correlates of War interstate system (COW ccode 280; abbreviation MEC),exists,1843,1867,high,"COW membership spell 1843-01-01 to 1867-04-17; COW citation: Correlates of War Project. 2025. ""State System Membership, v2024."" Online, https://correlatesofwar.org; retrieved 2026-10-04"
cow:290,polity,Poland,POL,Independent state in the Correlates of War interstate system (COW ccode 290; abbreviation POL),exists,1918,1939,high,"COW membership spell 1918-11-03 to 1939-09-27; COW citation: Correlates of War Project. 2025. ""State System Membership, v2024."" Online, https://correlatesofwar.org; retrieved 2026-10-04"
cow:290b,polity,Poland,POL,Independent state in the Correlates of War interstate system (COW ccode 290; abbreviation POL),exists,1945,,high,"COW membership spell 1945-06-28 to 2024-12-31 (still a system member in v2024; end left open); COW citation: Correlates of War Project. 2025. ""State System Membership, v2024."" Online, https://correlatesofwar.org; retrieved 2026-10-04; re-entry spell of a state that exited the system and later returned (continuous membership is NOT implied across the gap)"
cow:300,polity,Austria-Hungary,AUH,Independent state in the Correlates of War interstate system (COW ccode 300; abbreviation AUH),exists,1816,1918,high,"COW membership spell 1816-01-01 to 1918-11-12; COW citation: Correlates of War Project. 2025. ""State System Membership, v2024."" Online, https://correlatesofwar.org; retrieved 2026-10-04"
cow:305,polity,Austria,AUS,Independent state in the Correlates of War interstate system (COW ccode 305; abbreviation AUS),exists,1919,1938,high,"COW membership spell 1919-09-10 to 1938-03-13; COW citation: Correlates of War Project. 2025. ""State System Membership, v2024."" Online, https://correlatesofwar.org; retrieved 2026-10-04"
cow:305b,polity,Austria,AUS,Independent state in the Correlates of War interstate system (COW ccode 305; abbreviation AUS),exists,1955,,high,"COW membership spell 1955-07-27 to 2024-12-31 (still a system member in v2024; end left open); COW citation: Correlates of War Project. 2025. ""State System Membership, v2024."" Online, https://correlatesofwar.org; retrieved 2026-10-04; re-entry spell of a state that exited the system and later returned (continuous membership is NOT implied across the gap)"
cow:310,polity,Hungary,HUN,Independent state in the Correlates of War interstate system (COW ccode 310; abbreviation HUN),exists,1918,,high,"COW membership spell 1918-11-16 to 2024-12-31 (still a system member in v2024; end left open); COW citation: Correlates of War Project. 2025. ""State System Membership, v2024."" Online, https://correlatesofwar.org; retrieved 2026-10-04"
cow:315,polity,Czechoslovakia,CZE,Independent state in the Correlates of War interstate system (COW ccode 315; abbreviation CZE),exists,1918,1939,high,"COW membership spell 1918-10-28 to 1939-03-15; COW citation: Correlates of War Project. 2025. ""State System Membership, v2024."" Online, https://correlatesofwar.org; retrieved 2026-10-04"
cow:315b,polity,Czechoslovakia,CZE,Independent state in the Correlates of War interstate system (COW ccode 315; abbreviation CZE),exists,1945,1992,high,"COW membership spell 1945-05-10 to 1992-12-31; COW citation: Correlates of War Project. 2025. ""State System Membership, v2024."" Online, https://correlatesofwar.org; retrieved 2026-10-04; re-entry spell of a state that exited the system and later returned (continuous membership is NOT implied across the gap)"
cow:316,polity,Czech Republic,CZR,Independent state in the Correlates of War interstate system (COW ccode 316; abbreviation CZR),exists,1993,,high,"COW membership spell 1993-01-01 to 2024-12-31 (still a system member in v2024; end left open); COW citation: Correlates of War Project. 2025. ""State System Membership, v2024."" Online, https://correlatesofwar.org; retrieved 2026-10-04"
cow:317,polity,Slovakia,SLO,Independent state in the Correlates of War interstate system (COW ccode 317; abbreviation SLO),exists,1993,,high,"COW membership spell 1993-01-01 to 2024-12-31 (still a system member in v2024; end left open); COW citation: Correlates of War Project. 2025. ""State System Membership, v2024."" Online, https://correlatesofwar.org; retrieved 2026-10-04"
cow:325,polity,Italy,ITA,Independent state in the Correlates of War interstate system (COW ccode 325; abbreviation ITA),exists,1816,,high,"COW membership spell 1816-01-01 to 2024-12-31 (still a system member in v2024; end left open); COW citation: Correlates of War Project. 2025. ""State System Membership, v2024."" Online, https://correlatesofwar.org; retrieved 2026-10-04"
cow:327,polity,Papal States,PAP,Independent state in the Correlates of War interstate system (COW ccode 327; abbreviation PAP),exists,1816,1860,high,"COW membership spell 1816-01-01 to 1860-11-05; COW citation: Correlates of War Project. 2025. ""State System Membership, v2024."" Online, https://correlatesofwar.org; retrieved 2026-10-04"
cow:329,polity,Two Sicilies,SIC,Independent state in the Correlates of War interstate system (COW ccode 329; abbreviation SIC),exists,1816,1861,high,"COW membership spell 1816-01-01 to 1861-02-13; COW citation: Correlates of War Project. 2025. ""State System Membership, v2024."" Online, https://correlatesofwar.org; retrieved 2026-10-04"
cow:331,polity,San Marino,SNM,Independent state in the Correlates of War interstate system (COW ccode 331; abbreviation SNM),exists,1992,,high,"COW membership spell 1992-03-02 to 2024-12-31 (still a system member in v2024; end left open); COW citation: Correlates of War Project. 2025. ""State System Membership, v2024."" Online, https://correlatesofwar.org; retrieved 2026-10-04"
cow:332,polity,Modena,MOD,Independent state in the Correlates of War interstate system (COW ccode 332; abbreviation MOD),exists,1842,1860,high,"COW membership spell 1842-01-01 to 1860-03-15; COW citation: Correlates of War Project. 2025. ""State System Membership, v2024."" Online, https://correlatesofwar.org; retrieved 2026-10-04"
cow:335,polity,Parma,PMA,Independent state in the Correlates of War interstate system (COW ccode 335; abbreviation PMA),exists,1851,1860,high,"COW membership spell 1851-01-01 to 1860-03-15; COW citation: Correlates of War Project. 2025. ""State System Membership, v2024."" Online, https://correlatesofwar.org; retrieved 2026-10-04"
cow:337,polity,Tuscany,TUS,Independent state in the Correlates of War interstate system (COW ccode 337; abbreviation TUS),exists,1816,1860,high,"COW membership spell 1816-01-01 to 1860-03-15; COW citation: Correlates of War Project. 2025. ""State System Membership, v2024."" Online, https://correlatesofwar.org; retrieved 2026-10-04"
cow:338,polity,Malta,MLT,Independent state in the Correlates of War interstate system (COW ccode 338; abbreviation MLT),exists,1964,,high,"COW membership spell 1964-09-21 to 2024-12-31 (still a system member in v2024; end left open); COW citation: Correlates of War Project. 2025. ""State System Membership, v2024."" Online, https://correlatesofwar.org; retrieved 2026-10-04"
cow:339,polity,Albania,ALB,Independent state in the Correlates of War interstate system (COW ccode 339; abbreviation ALB),exists,1914,1939,high,"COW membership spell 1914-01-01 to 1939-04-07; COW citation: Correlates of War Project. 2025. ""State System Membership, v2024."" Online, https://correlatesofwar.org; retrieved 2026-10-04"
cow:339b,polity,Albania,ALB,Independent state in the Correlates of War interstate system (COW ccode 339; abbreviation ALB),exists,1944,,high,"COW membership spell 1944-11-17 to 2024-12-31 (still a system member in v2024; end left open); COW citation: Correlates of War Project. 2025. ""State System Membership, v2024."" Online, https://correlatesofwar.org; retrieved 2026-10-04; re-entry spell of a state that exited the system and later returned (continuous membership is NOT implied across the gap)"
cow:341,polity,Montenegro,MNG,Independent state in the Correlates of War interstate system (COW ccode 341; abbreviation MNG),exists,2006,,high,"COW membership spell 2006-06-12 to 2024-12-31 (still a system member in v2024; end left open); COW citation: Correlates of War Project. 2025. ""State System Membership, v2024."" Online, https://correlatesofwar.org; retrieved 2026-10-04"
cow:343,polity,Macedonia,MAC,Independent state in the Correlates of War interstate system (COW ccode 343; abbreviation MAC),exists,1993,,high,"COW membership spell 1993-04-08 to 2024-12-31 (still a system member in v2024; end left open); COW citation: Correlates of War Project. 2025. ""State System Membership, v2024."" Online, https://correlatesofwar.org; retrieved 2026-10-04"
cow:344,polity,Croatia,CRO,Independent state in the Correlates of War interstate system (COW ccode 344; abbreviation CRO),exists,1992,,high,"COW membership spell 1992-01-15 to 2024-12-31 (still a system member in v2024; end left open); COW citation: Correlates of War Project. 2025. ""State System Membership, v2024."" Online, https://correlatesofwar.org; retrieved 2026-10-04"
cow:345,polity,Yugoslavia,YUG,Independent state in the Correlates of War interstate system (COW ccode 345; abbreviation YUG),exists,1878,1941,high,"COW membership spell 1878-07-13 to 1941-04-20; COW citation: Correlates of War Project. 2025. ""State System Membership, v2024."" Online, https://correlatesofwar.org; retrieved 2026-10-04"
cow:345b,polity,Yugoslavia,YUG,Independent state in the Correlates of War interstate system (COW ccode 345; abbreviation YUG),exists,1944,2006,high,"COW membership spell 1944-10-20 to 2006-06-03; COW citation: Correlates of War Project. 2025. ""State System Membership, v2024."" Online, https://correlatesofwar.org; retrieved 2026-10-04; re-entry spell of a state that exited the system and later returned (continuous membership is NOT implied across the gap)"
cow:345c,polity,Serbia,SRB,Independent state in the Correlates of War interstate system (COW ccode 345; abbreviation SRB),exists,2006,,high,"COW membership spell 2006-06-03 to 2024-12-31 (still a system member in v2024; end left open); COW citation: Correlates of War Project. 2025. ""State System Membership, v2024."" Online, https://correlatesofwar.org; retrieved 2026-10-04; name change on shared COW ccode 345 (prior spell listed as ""Yugoslavia"")"
cow:346,polity,Bosnia and Herzegovina,BOS,Independent state in the Correlates of War interstate system (COW ccode 346; abbreviation BOS),exists,1992,,high,"COW membership spell 1992-04-07 to 2024-12-31 (still a system member in v2024; end left open); COW citation: Correlates of War Project. 2025. ""State System Membership, v2024."" Online, https://correlatesofwar.org; retrieved 2026-10-04"
cow:347,polity,Kosovo,KOS,Independent state in the Correlates of War interstate system (COW ccode 347; abbreviation KOS),exists,2008,,high,"COW membership spell 2008-02-20 to 2024-12-31 (still a system member in v2024; end left open); COW citation: Correlates of War Project. 2025. ""State System Membership, v2024."" Online, https://correlatesofwar.org; retrieved 2026-10-04"
cow:349,polity,Slovenia,SLV,Independent state in the Correlates of War interstate system (COW ccode 349; abbreviation SLV),exists,1992,,high,"COW membership spell 1992-01-15 to 2024-12-31 (still a system member in v2024; end left open); COW citation: Correlates of War Project. 2025. ""State System Membership, v2024."" Online, https://correlatesofwar.org; retrieved 2026-10-04"
cow:350,polity,Greece,GRC,Independent state in the Correlates of War interstate system (COW ccode 350; abbreviation GRC),exists,1828,1941,high,"COW membership spell 1828-01-01 to 1941-04-23; COW citation: Correlates of War Project. 2025. ""State System Membership, v2024."" Online, https://correlatesofwar.org; retrieved 2026-10-04"
cow:350b,polity,Greece,GRC,Independent state in the Correlates of War interstate system (COW ccode 350; abbreviation GRC),exists,1944,,high,"COW membership spell 1944-10-13 to 2024-12-31 (still a system member in v2024; end left open); COW citation: Correlates of War Project. 2025. ""State System Membership, v2024."" Online, https://correlatesofwar.org; retrieved 2026-10-04; re-entry spell of a state that exited the system and later returned (continuous membership is NOT implied across the gap)"
cow:352,polity,Cyprus,CYP,Independent state in the Correlates of War interstate system (COW ccode 352; abbreviation CYP),exists,1960,,high,"COW membership spell 1960-08-16 to 2024-12-31 (still a system member in v2024; end left open); COW citation: Correlates of War Project. 2025. ""State System Membership, v2024."" Online, https://correlatesofwar.org; retrieved 2026-10-04"
cow:355,polity,Bulgaria,BUL,Independent state in the Correlates of War interstate system (COW ccode 355; abbreviation BUL),exists,1908,,high,"COW membership spell 1908-10-05 to 2024-12-31 (still a system member in v2024; end left open); COW citation: Correlates of War Project. 2025. ""State System Membership, v2024."" Online, https://correlatesofwar.org; retrieved 2026-10-04"
cow:359,polity,Moldova,MLD,Independent state in the Correlates of War interstate system (COW ccode 359; abbreviation MLD),exists,1991,,high,"COW membership spell 1991-12-26 to 2024-12-31 (still a system member in v2024; end left open); COW citation: Correlates of War Project. 2025. ""State System Membership, v2024."" Online, https://correlatesofwar.org; retrieved 2026-10-04"
cow:360,polity,Romania,ROM,Independent state in the Correlates of War interstate system (COW ccode 360; abbreviation ROM),exists,1878,,high,"COW membership spell 1878-07-13 to 2024-12-31 (still a system member in v2024; end left open); COW citation: Correlates of War Project. 2025. ""State System Membership, v2024."" Online, https://correlatesofwar.org; retrieved 2026-10-04"
cow:365,polity,Russia,RUS,Independent state in the Correlates of War interstate system (COW ccode 365; abbreviation RUS),exists,1816,,high,"COW membership spell 1816-01-01 to 2024-12-31 (still a system member in v2024; end left open); COW citation: Correlates of War Project. 2025. ""State System Membership, v2024."" Online, https://correlatesofwar.org; retrieved 2026-10-04"
cow:366,polity,Estonia,EST,Independent state in the Correlates of War interstate system (COW ccode 366; abbreviation EST),exists,1918,1940,high,"COW membership spell 1918-02-24 to 1940-06-16; COW citation: Correlates of War Project. 2025. ""State System Membership, v2024."" Online, https://correlatesofwar.org; retrieved 2026-10-04"
cow:366b,polity,Estonia,EST,Independent state in the Correlates of War interstate system (COW ccode 366; abbreviation EST),exists,1991,,high,"COW membership spell 1991-09-06 to 2024-12-31 (still a system member in v2024; end left open); COW citation: Correlates of War Project. 2025. ""State System Membership, v2024."" Online, https://correlatesofwar.org; retrieved 2026-10-04; re-entry spell of a state that exited the system and later returned (continuous membership is NOT implied across the gap)"
cow:367,polity,Latvia,LAT,Independent state in the Correlates of War interstate system (COW ccode 367; abbreviation LAT),exists,1918,1940,high,"COW membership spell 1918-11-18 to 1940-06-16; COW citation: Correlates of War Project. 2025. ""State System Membership, v2024."" Online, https://correlatesofwar.org; retrieved 2026-10-04"
cow:367b,polity,Latvia,LAT,Independent state in the Correlates of War interstate system (COW ccode 367; abbreviation LAT),exists,1991,,high,"COW membership spell 1991-09-06 to 2024-12-31 (still a system member in v2024; end left open); COW citation: Correlates of War Project. 2025. ""State System Membership, v2024."" Online, https://correlatesofwar.org; retrieved 2026-10-04; re-entry spell of a state that exited the system and later returned (continuous membership is NOT implied across the gap)"
cow:368,polity,Lithuania,LIT,Independent state in the Correlates of War interstate system (COW ccode 368; abbreviation LIT),exists,1918,1940,high,"COW membership spell 1918-02-16 to 1940-06-15; COW citation: Correlates of War Project. 2025. ""State System Membership, v2024."" Online, https://correlatesofwar.org; retrieved 2026-10-04"
cow:368b,polity,Lithuania,LIT,Independent state in the Correlates of War interstate system (COW ccode 368; abbreviation LIT),exists,1991,,high,"COW membership spell 1991-09-06 to 2024-12-31 (still a system member in v2024; end left open); COW citation: Correlates of War Project. 2025. ""State System Membership, v2024."" Online, https://correlatesofwar.org; retrieved 2026-10-04; re-entry spell of a state that exited the system and later returned (continuous membership is NOT implied across the gap)"
cow:369,polity,Ukraine,UKR,Independent state in the Correlates of War interstate system (COW ccode 369; abbreviation UKR),exists,1991,,high,"COW membership spell 1991-12-26 to 2024-12-31 (still a system member in v2024; end left open); COW citation: Correlates of War Project. 2025. ""State System Membership, v2024."" Online, https://correlatesofwar.org; retrieved 2026-10-04"
cow:370,polity,Belarus,BLR,Independent state in the Correlates of War interstate system (COW ccode 370; abbreviation BLR),exists,1991,,high,"COW membership spell 1991-12-26 to 2024-12-31 (still a system member in v2024; end left open); COW citation: Correlates of War Project. 2025. ""State System Membership, v2024."" Online, https://correlatesofwar.org; retrieved 2026-10-04"
cow:371,polity,Armenia,ARM,Independent state in the Correlates of War interstate system (COW ccode 371; abbreviation ARM),exists,1991,,high,"COW membership spell 1991-12-26 to 2024-12-31 (still a system member in v2024; end left open); COW citation: Correlates of War Project. 2025. ""State System Membership, v2024."" Online, https://correlatesofwar.org; retrieved 2026-10-04"
cow:372,polity,Georgia,GRG,Independent state in the Correlates of War interstate system (COW ccode 372; abbreviation GRG),exists,1991,,high,"COW membership spell 1991-12-26 to 2024-12-31 (still a system member in v2024; end left open); COW citation: Correlates of War Project. 2025. ""State System Membership, v2024."" Online, https://correlatesofwar.org; retrieved 2026-10-04"
cow:373,polity,Azerbaijan,AZE,Independent state in the Correlates of War interstate system (COW ccode 373; abbreviation AZE),exists,1991,,high,"COW membership spell 1991-12-26 to 2024-12-31 (still a system member in v2024; end left open); COW citation: Correlates of War Project. 2025. ""State System Membership, v2024."" Online, https://correlatesofwar.org; retrieved 2026-10-04"
cow:375,polity,Finland,FIN,Independent state in the Correlates of War interstate system (COW ccode 375; abbreviation FIN),exists,1917,,high,"COW membership spell 1917-12-06 to 2024-12-31 (still a system member in v2024; end left open); COW citation: Correlates of War Project. 2025. ""State System Membership, v2024."" Online, https://correlatesofwar.org; retrieved 2026-10-04"
cow:380,polity,Sweden,SWD,Independent state in the Correlates of War interstate system (COW ccode 380; abbreviation SWD),exists,1816,,high,"COW membership spell 1816-01-01 to 2024-12-31 (still a system member in v2024; end left open); COW citation: Correlates of War Project. 2025. ""State System Membership, v2024."" Online, https://correlatesofwar.org; retrieved 2026-10-04"
cow:385,polity,Norway,NOR,Independent state in the Correlates of War interstate system (COW ccode 385; abbreviation NOR),exists,1905,1940,high,"COW membership spell 1905-06-07 to 1940-04-30; COW citation: Correlates of War Project. 2025. ""State System Membership, v2024."" Online, https://correlatesofwar.org; retrieved 2026-10-04"
cow:385b,polity,Norway,NOR,Independent state in the Correlates of War interstate system (COW ccode 385; abbreviation NOR),exists,1945,,high,"COW membership spell 1945-05-07 to 2024-12-31 (still a system member in v2024; end left open); COW citation: Correlates of War Project. 2025. ""State System Membership, v2024."" Online, https://correlatesofwar.org; retrieved 2026-10-04; re-entry spell of a state that exited the system and later returned (continuous membership is NOT implied across the gap)"
cow:390,polity,Denmark,DEN,Independent state in the Correlates of War interstate system (COW ccode 390; abbreviation DEN),exists,1816,1940,high,"COW membership spell 1816-01-01 to 1940-04-09; COW citation: Correlates of War Project. 2025. ""State System Membership, v2024."" Online, https://correlatesofwar.org; retrieved 2026-10-04"
cow:390b,polity,Denmark,DEN,Independent state in the Correlates of War interstate system (COW ccode 390; abbreviation DEN),exists,1945,,high,"COW membership spell 1945-05-07 to 2024-12-31 (still a system member in v2024; end left open); COW citation: Correlates of War Project. 2025. ""State System Membership, v2024."" Online, https://correlatesofwar.org; retrieved 2026-10-04; re-entry spell of a state that exited the system and later returned (continuous membership is NOT implied across the gap)"
cow:395,polity,Iceland,ICE,Independent state in the Correlates of War interstate system (COW ccode 395; abbreviation ICE),exists,1944,,high,"COW membership spell 1944-06-17 to 2024-12-31 (still a system member in v2024; end left open); COW citation: Correlates of War Project. 2025. ""State System Membership, v2024."" Online, https://correlatesofwar.org; retrieved 2026-10-04"
cow:402,polity,Cape Verde,CAP,Independent state in the Correlates of War interstate system (COW ccode 402; abbreviation CAP),exists,1975,,high,"COW membership spell 1975-07-05 to 2024-12-31 (still a system member in v2024; end left open); COW citation: Correlates of War Project. 2025. ""State System Membership, v2024."" Online, https://correlatesofwar.org; retrieved 2026-10-04"
cow:403,polity,Sao Tome and Principe,STP,Independent state in the Correlates of War interstate system (COW ccode 403; abbreviation STP),exists,1975,,high,"COW membership spell 1975-07-12 to 2024-12-31 (still a system member in v2024; end left open); COW citation: Correlates of War Project. 2025. ""State System Membership, v2024."" Online, https://correlatesofwar.org; retrieved 2026-10-04"
cow:404,polity,Guinea-Bissau,GNB,Independent state in the Correlates of War interstate system (COW ccode 404; abbreviation GNB),exists,1974,,high,"COW membership spell 1974-09-10 to 2024-12-31 (still a system member in v2024; end left open); COW citation: Correlates of War Project. 2025. ""State System Membership, v2024."" Online, https://correlatesofwar.org; retrieved 2026-10-04"
cow:411,polity,Equatorial Guinea,EQG,Independent state in the Correlates of War interstate system (COW ccode 411; abbreviation EQG),exists,1968,,high,"COW membership spell 1968-10-12 to 2024-12-31 (still a system member in v2024; end left open); COW citation: Correlates of War Project. 2025. ""State System Membership, v2024."" Online, https://correlatesofwar.org; retrieved 2026-10-04"
cow:420,polity,Gambia,GAM,Independent state in the Correlates of War interstate system (COW ccode 420; abbreviation GAM),exists,1965,,high,"COW membership spell 1965-02-18 to 2024-12-31 (still a system member in v2024; end left open); COW citation: Correlates of War Project. 2025. ""State System Membership, v2024."" Online, https://correlatesofwar.org; retrieved 2026-10-04"
cow:432,polity,Mali,MLI,Independent state in the Correlates of War interstate system (COW ccode 432; abbreviation MLI),exists,1960,,high,"COW membership spell 1960-06-20 to 2024-12-31 (still a system member in v2024; end left open); COW citation: Correlates of War Project. 2025. ""State System Membership, v2024."" Online, https://correlatesofwar.org; retrieved 2026-10-04"
cow:433,polity,Senegal,SEN,Independent state in the Correlates of War interstate system (COW ccode 433; abbreviation SEN),exists,1960,,high,"COW membership spell 1960-08-20 to 2024-12-31 (still a system member in v2024; end left open); COW citation: Correlates of War Project. 2025. ""State System Membership, v2024."" Online, https://correlatesofwar.org; retrieved 2026-10-04"
cow:434,polity,Benin,BEN,Independent state in the Correlates of War interstate system (COW ccode 434; abbreviation BEN),exists,1960,,high,"COW membership spell 1960-08-01 to 2024-12-31 (still a system member in v2024; end left open); COW citation: Correlates of War Project. 2025. ""State System Membership, v2024."" Online, https://correlatesofwar.org; retrieved 2026-10-04"
cow:435,polity,Mauritania,MAA,Independent state in the Correlates of War interstate system (COW ccode 435; abbreviation MAA),exists,1960,,high,"COW membership spell 1960-11-28 to 2024-12-31 (still a system member in v2024; end left open); COW citation: Correlates of War Project. 2025. ""State System Membership, v2024."" Online, https://correlatesofwar.org; retrieved 2026-10-04"
cow:436,polity,Niger,NIR,Independent state in the Correlates of War interstate system (COW ccode 436; abbreviation NIR),exists,1960,,high,"COW membership spell 1960-10-03 to 2024-12-31 (still a system member in v2024; end left open); COW citation: Correlates of War Project. 2025. ""State System Membership, v2024."" Online, https://correlatesofwar.org; retrieved 2026-10-04"
cow:437,polity,Ivory Coast,CDI,Independent state in the Correlates of War interstate system (COW ccode 437; abbreviation CDI),exists,1960,,high,"COW membership spell 1960-08-07 to 2024-12-31 (still a system member in v2024; end left open); COW citation: Correlates of War Project. 2025. ""State System Membership, v2024."" Online, https://correlatesofwar.org; retrieved 2026-10-04"
cow:438,polity,Guinea,GUI,Independent state in the Correlates of War interstate system (COW ccode 438; abbreviation GUI),exists,1958,,high,"COW membership spell 1958-10-02 to 2024-12-31 (still a system member in v2024; end left open); COW citation: Correlates of War Project. 2025. ""State System Membership, v2024."" Online, https://correlatesofwar.org; retrieved 2026-10-04"
cow:439,polity,Burkina Faso,BFO,Independent state in the Correlates of War interstate system (COW ccode 439; abbreviation BFO),exists,1960,,high,"COW membership spell 1960-08-05 to 2024-12-31 (still a system member in v2024; end left open); COW citation: Correlates of War Project. 2025. ""State System Membership, v2024."" Online, https://correlatesofwar.org; retrieved 2026-10-04"
cow:450,polity,Liberia,LBR,Independent state in the Correlates of War interstate system (COW ccode 450; abbreviation LBR),exists,1920,,high,"COW membership spell 1920-06-30 to 2024-12-31 (still a system member in v2024; end left open); COW citation: Correlates of War Project. 2025. ""State System Membership, v2024."" Online, https://correlatesofwar.org; retrieved 2026-10-04"
cow:451,polity,Sierra Leone,SIE,Independent state in the Correlates of War interstate system (COW ccode 451; abbreviation SIE),exists,1961,,high,"COW membership spell 1961-04-27 to 2024-12-31 (still a system member in v2024; end left open); COW citation: Correlates of War Project. 2025. ""State System Membership, v2024."" Online, https://correlatesofwar.org; retrieved 2026-10-04"
cow:452,polity,Ghana,GHA,Independent state in the Correlates of War interstate system (COW ccode 452; abbreviation GHA),exists,1957,,high,"COW membership spell 1957-03-06 to 2024-12-31 (still a system member in v2024; end left open); COW citation: Correlates of War Project. 2025. ""State System Membership, v2024."" Online, https://correlatesofwar.org; retrieved 2026-10-04"
cow:461,polity,Togo,TOG,Independent state in the Correlates of War interstate system (COW ccode 461; abbreviation TOG),exists,1960,,high,"COW membership spell 1960-04-27 to 2024-12-31 (still a system member in v2024; end left open); COW citation: Correlates of War Project. 2025. ""State System Membership, v2024."" Online, https://correlatesofwar.org; retrieved 2026-10-04"
cow:471,polity,Cameroon,CAO,Independent state in the Correlates of War interstate system (COW ccode 471; abbreviation CAO),exists,1960,,high,"COW membership spell 1960-01-01 to 2024-12-31 (still a system member in v2024; end left open); COW citation: Correlates of War Project. 2025. ""State System Membership, v2024."" Online, https://correlatesofwar.org; retrieved 2026-10-04"
cow:475,polity,Nigeria,NIG,Independent state in the Correlates of War interstate system (COW ccode 475; abbreviation NIG),exists,1960,,high,"COW membership spell 1960-10-01 to 2024-12-31 (still a system member in v2024; end left open); COW citation: Correlates of War Project. 2025. ""State System Membership, v2024."" Online, https://correlatesofwar.org; retrieved 2026-10-04"
cow:481,polity,Gabon,GAB,Independent state in the Correlates of War interstate system (COW ccode 481; abbreviation GAB),exists,1960,,high,"COW membership spell 1960-08-17 to 2024-12-31 (still a system member in v2024; end left open); COW citation: Correlates of War Project. 2025. ""State System Membership, v2024."" Online, https://correlatesofwar.org; retrieved 2026-10-04"
cow:482,polity,Central African Republic,CEN,Independent state in the Correlates of War interstate system (COW ccode 482; abbreviation CEN),exists,1960,,high,"COW membership spell 1960-08-13 to 2024-12-31 (still a system member in v2024; end left open); COW citation: Correlates of War Project. 2025. ""State System Membership, v2024."" Online, https://correlatesofwar.org; retrieved 2026-10-04"
cow:483,polity,Chad,CHA,Independent state in the Correlates of War interstate system (COW ccode 483; abbreviation CHA),exists,1960,,high,"COW membership spell 1960-08-11 to 2024-12-31 (still a system member in v2024; end left open); COW citation: Correlates of War Project. 2025. ""State System Membership, v2024."" Online, https://correlatesofwar.org; retrieved 2026-10-04"
cow:484,polity,Congo,CON,Independent state in the Correlates of War interstate system (COW ccode 484; abbreviation CON),exists,1960,,high,"COW membership spell 1960-08-15 to 2024-12-31 (still a system member in v2024; end left open); COW citation: Correlates of War Project. 2025. ""State System Membership, v2024."" Online, https://correlatesofwar.org; retrieved 2026-10-04"
cow:490,polity,Democratic Republic of the Congo,DRC,Independent state in the Correlates of War interstate system (COW ccode 490; abbreviation DRC),exists,1960,,high,"COW membership spell 1960-06-30 to 2024-12-31 (still a system member in v2024; end left open); COW citation: Correlates of War Project. 2025. ""State System Membership, v2024."" Online, https://correlatesofwar.org; retrieved 2026-10-04"
cow:500,polity,Uganda,UGA,Independent state in the Correlates of War interstate system (COW ccode 500; abbreviation UGA),exists,1962,,high,"COW membership spell 1962-10-09 to 2024-12-31 (still a system member in v2024; end left open); COW citation: Correlates of War Project. 2025. ""State System Membership, v2024."" Online, https://correlatesofwar.org; retrieved 2026-10-04"
cow:501,polity,Kenya,KEN,Independent state in the Correlates of War interstate system (COW ccode 501; abbreviation KEN),exists,1963,,high,"COW membership spell 1963-12-12 to 2024-12-31 (still a system member in v2024; end left open); COW citation: Correlates of War Project. 2025. ""State System Membership, v2024."" Online, https://correlatesofwar.org; retrieved 2026-10-04"
cow:510,polity,Tanzania,TAZ,Independent state in the Correlates of War interstate system (COW ccode 510; abbreviation TAZ),exists,1961,,high,"COW membership spell 1961-12-09 to 2024-12-31 (still a system member in v2024; end left open); COW citation: Correlates of War Project. 2025. ""State System Membership, v2024."" Online, https://correlatesofwar.org; retrieved 2026-10-04"
cow:511,polity,Zanzibar,ZAN,Independent state in the Correlates of War interstate system (COW ccode 511; abbreviation ZAN),exists,1963,1964,high,"COW membership spell 1963-12-19 to 1964-04-26; COW citation: Correlates of War Project. 2025. ""State System Membership, v2024."" Online, https://correlatesofwar.org; retrieved 2026-10-04"
cow:516,polity,Burundi,BUI,Independent state in the Correlates of War interstate system (COW ccode 516; abbreviation BUI),exists,1962,,high,"COW membership spell 1962-07-01 to 2024-12-31 (still a system member in v2024; end left open); COW citation: Correlates of War Project. 2025. ""State System Membership, v2024."" Online, https://correlatesofwar.org; retrieved 2026-10-04"
cow:517,polity,Rwanda,RWA,Independent state in the Correlates of War interstate system (COW ccode 517; abbreviation RWA),exists,1962,,high,"COW membership spell 1962-07-01 to 2024-12-31 (still a system member in v2024; end left open); COW citation: Correlates of War Project. 2025. ""State System Membership, v2024."" Online, https://correlatesofwar.org; retrieved 2026-10-04"
cow:520,polity,Somalia,SOM,Independent state in the Correlates of War interstate system (COW ccode 520; abbreviation SOM),exists,1960,,high,"COW membership spell 1960-07-01 to 2024-12-31 (still a system member in v2024; end left open); COW citation: Correlates of War Project. 2025. ""State System Membership, v2024."" Online, https://correlatesofwar.org; retrieved 2026-10-04"
cow:522,polity,Djibouti,DJI,Independent state in the Correlates of War interstate system (COW ccode 522; abbreviation DJI),exists,1977,,high,"COW membership spell 1977-06-27 to 2024-12-31 (still a system member in v2024; end left open); COW citation: Correlates of War Project. 2025. ""State System Membership, v2024."" Online, https://correlatesofwar.org; retrieved 2026-10-04"
cow:530,polity,Ethiopia,ETH,Independent state in the Correlates of War interstate system (COW ccode 530; abbreviation ETH),exists,1898,1936,high,"COW membership spell 1898-01-01 to 1936-05-05; COW citation: Correlates of War Project. 2025. ""State System Membership, v2024."" Online, https://correlatesofwar.org; retrieved 2026-10-04"
cow:530b,polity,Ethiopia,ETH,Independent state in the Correlates of War interstate system (COW ccode 530; abbreviation ETH),exists,1941,,high,"COW membership spell 1941-05-05 to 2024-12-31 (still a system member in v2024; end left open); COW citation: Correlates of War Project. 2025. ""State System Membership, v2024."" Online, https://correlatesofwar.org; retrieved 2026-10-04; re-entry spell of a state that exited the system and later returned (continuous membership is NOT implied across the gap)"
cow:531,polity,Eritrea,ERI,Independent state in the Correlates of War interstate system (COW ccode 531; abbreviation ERI),exists,1993,,high,"COW membership spell 1993-05-24 to 2024-12-31 (still a system member in v2024; end left open); COW citation: Correlates of War Project. 2025. ""State System Membership, v2024."" Online, https://correlatesofwar.org; retrieved 2026-10-04"
cow:540,polity,Angola,ANG,Independent state in the Correlates of War interstate system (COW ccode 540; abbreviation ANG),exists,1975,,high,"COW membership spell 1975-11-11 to 2024-12-31 (still a system member in v2024; end left open); COW citation: Correlates of War Project. 2025. ""State System Membership, v2024."" Online, https://correlatesofwar.org; retrieved 2026-10-04"
cow:541,polity,Mozambique,MZM,Independent state in the Correlates of War interstate system (COW ccode 541; abbreviation MZM),exists,1975,,high,"COW membership spell 1975-06-25 to 2024-12-31 (still a system member in v2024; end left open); COW citation: Correlates of War Project. 2025. ""State System Membership, v2024."" Online, https://correlatesofwar.org; retrieved 2026-10-04"
cow:551,polity,Zambia,ZAM,Independent state in the Correlates of War interstate system (COW ccode 551; abbreviation ZAM),exists,1964,,high,"COW membership spell 1964-10-24 to 2024-12-31 (still a system member in v2024; end left open); COW citation: Correlates of War Project. 2025. ""State System Membership, v2024."" Online, https://correlatesofwar.org; retrieved 2026-10-04"
cow:552,polity,Zimbabwe,ZIM,Independent state in the Correlates of War interstate system (COW ccode 552; abbreviation ZIM),exists,1965,,high,"COW membership spell 1965-11-11 to 2024-12-31 (still a system member in v2024; end left open); COW citation: Correlates of War Project. 2025. ""State System Membership, v2024."" Online, https://correlatesofwar.org; retrieved 2026-10-04"
cow:553,polity,Malawi,MAW,Independent state in the Correlates of War interstate system (COW ccode 553; abbreviation MAW),exists,1964,,high,"COW membership spell 1964-07-06 to 2024-12-31 (still a system member in v2024; end left open); COW citation: Correlates of War Project. 2025. ""State System Membership, v2024."" Online, https://correlatesofwar.org; retrieved 2026-10-04"
cow:560,polity,South Africa,SAF,Independent state in the Correlates of War interstate system (COW ccode 560; abbreviation SAF),exists,1920,,high,"COW membership spell 1920-01-10 to 2024-12-31 (still a system member in v2024; end left open); COW citation: Correlates of War Project. 2025. ""State System Membership, v2024."" Online, https://correlatesofwar.org; retrieved 2026-10-04"
cow:565,polity,Namibia,NAM,Independent state in the Correlates of War interstate system (COW ccode 565; abbreviation NAM),exists,1990,,high,"COW membership spell 1990-03-21 to 2024-12-31 (still a system member in v2024; end left open); COW citation: Correlates of War Project. 2025. ""State System Membership, v2024."" Online, https://correlatesofwar.org; retrieved 2026-10-04"
cow:570,polity,Lesotho,LES,Independent state in the Correlates of War interstate system (COW ccode 570; abbreviation LES),exists,1966,,high,"COW membership spell 1966-10-04 to 2024-12-31 (still a system member in v2024; end left open); COW citation: Correlates of War Project. 2025. ""State System Membership, v2024."" Online, https://correlatesofwar.org; retrieved 2026-10-04"
cow:571,polity,Botswana,BOT,Independent state in the Correlates of War interstate system (COW ccode 571; abbreviation BOT),exists,1966,,high,"COW membership spell 1966-09-30 to 2024-12-31 (still a system member in v2024; end left open); COW citation: Correlates of War Project. 2025. ""State System Membership, v2024."" Online, https://correlatesofwar.org; retrieved 2026-10-04"
cow:572,polity,Swaziland,SWA,Independent state in the Correlates of War interstate system (COW ccode 572; abbreviation SWA),exists,1968,,high,"COW membership spell 1968-09-06 to 2024-12-31 (still a system member in v2024; end left open); COW citation: Correlates of War Project. 2025. ""State System Membership, v2024."" Online, https://correlatesofwar.org; retrieved 2026-10-04"
cow:580,polity,Madagascar,MAG,Independent state in the Correlates of War interstate system (COW ccode 580; abbreviation MAG),exists,1960,,high,"COW membership spell 1960-06-26 to 2024-12-31 (still a system member in v2024; end left open); COW citation: Correlates of War Project. 2025. ""State System Membership, v2024."" Online, https://correlatesofwar.org; retrieved 2026-10-04"
cow:581,polity,Comoros,COM,Independent state in the Correlates of War interstate system (COW ccode 581; abbreviation COM),exists,1975,,high,"COW membership spell 1975-12-31 to 2024-12-31 (still a system member in v2024; end left open); COW citation: Correlates of War Project. 2025. ""State System Membership, v2024."" Online, https://correlatesofwar.org; retrieved 2026-10-04"
cow:590,polity,Mauritius,MAS,Independent state in the Correlates of War interstate system (COW ccode 590; abbreviation MAS),exists,1968,,high,"COW membership spell 1968-03-12 to 2024-12-31 (still a system member in v2024; end left open); COW citation: Correlates of War Project. 2025. ""State System Membership, v2024."" Online, https://correlatesofwar.org; retrieved 2026-10-04"
cow:591,polity,Seychelles,SEY,Independent state in the Correlates of War interstate system (COW ccode 591; abbreviation SEY),exists,1976,,high,"COW membership spell 1976-06-29 to 2024-12-31 (still a system member in v2024; end left open); COW citation: Correlates of War Project. 2025. ""State System Membership, v2024."" Online, https://correlatesofwar.org; retrieved 2026-10-04"
cow:600,polity,Morocco,MOR,Independent state in the Correlates of War interstate system (COW ccode 600; abbreviation MOR),exists,1847,1912,high,"COW membership spell 1847-01-01 to 1912-03-30; COW citation: Correlates of War Project. 2025. ""State System Membership, v2024."" Online, https://correlatesofwar.org; retrieved 2026-10-04"
cow:600b,polity,Morocco,MOR,Independent state in the Correlates of War interstate system (COW ccode 600; abbreviation MOR),exists,1956,,high,"COW membership spell 1956-03-02 to 2024-12-31 (still a system member in v2024; end left open); COW citation: Correlates of War Project. 2025. ""State System Membership, v2024."" Online, https://correlatesofwar.org; retrieved 2026-10-04; re-entry spell of a state that exited the system and later returned (continuous membership is NOT implied across the gap)"
cow:615,polity,Algeria,ALG,Independent state in the Correlates of War interstate system (COW ccode 615; abbreviation ALG),exists,1962,,high,"COW membership spell 1962-07-05 to 2024-12-31 (still a system member in v2024; end left open); COW citation: Correlates of War Project. 2025. ""State System Membership, v2024."" Online, https://correlatesofwar.org; retrieved 2026-10-04"
cow:616,polity,Tunisia,TUN,Independent state in the Correlates of War interstate system (COW ccode 616; abbreviation TUN),exists,1825,1881,high,"COW membership spell 1825-01-01 to 1881-05-12; COW citation: Correlates of War Project. 2025. ""State System Membership, v2024."" Online, https://correlatesofwar.org; retrieved 2026-10-04"
cow:616b,polity,Tunisia,TUN,Independent state in the Correlates of War interstate system (COW ccode 616; abbreviation TUN),exists,1956,,high,"COW membership spell 1956-03-20 to 2024-12-31 (still a system member in v2024; end left open); COW citation: Correlates of War Project. 2025. ""State System Membership, v2024."" Online, https://correlatesofwar.org; retrieved 2026-10-04; re-entry spell of a state that exited the system and later returned (continuous membership is NOT implied across the gap)"
cow:620,polity,Libya,LIB,Independent state in the Correlates of War interstate system (COW ccode 620; abbreviation LIB),exists,1951,,high,"COW membership spell 1951-12-24 to 2024-12-31 (still a system member in v2024; end left open); COW citation: Correlates of War Project. 2025. ""State System Membership, v2024."" Online, https://correlatesofwar.org; retrieved 2026-10-04"
cow:625,polity,Sudan,SUD,Independent state in the Correlates of War interstate system (COW ccode 625; abbreviation SUD),exists,1956,,high,"COW membership spell 1956-01-01 to 2024-12-31 (still a system member in v2024; end left open); COW citation: Correlates of War Project. 2025. ""State System Membership, v2024."" Online, https://correlatesofwar.org; retrieved 2026-10-04"
cow:626,polity,South Sudan,SSD,Independent state in the Correlates of War interstate system (COW ccode 626; abbreviation SSD),exists,2011,,high,"COW membership spell 2011-07-09 to 2024-12-31 (still a system member in v2024; end left open); COW citation: Correlates of War Project. 2025. ""State System Membership, v2024."" Online, https://correlatesofwar.org; retrieved 2026-10-04"
cow:630,polity,Iran,IRN,Independent state in the Correlates of War interstate system (COW ccode 630; abbreviation IRN),exists,1855,,high,"COW membership spell 1855-01-01 to 2024-12-31 (still a system member in v2024; end left open); COW citation: Correlates of War Project. 2025. ""State System Membership, v2024."" Online, https://correlatesofwar.org; retrieved 2026-10-04"
cow:640,polity,Turkey,TUR,Independent state in the Correlates of War interstate system (COW ccode 640; abbreviation TUR),exists,1816,,high,"COW membership spell 1816-01-01 to 2024-12-31 (still a system member in v2024; end left open); COW citation: Correlates of War Project. 2025. ""State System Membership, v2024."" Online, https://correlatesofwar.org; retrieved 2026-10-04"
cow:645,polity,Iraq,IRQ,Independent state in the Correlates of War interstate system (COW ccode 645; abbreviation IRQ),exists,1932,,high,"COW membership spell 1932-10-03 to 2024-12-31 (still a system member in v2024; end left open); COW citation: Correlates of War Project. 2025. ""State System Membership, v2024."" Online, https://correlatesofwar.org; retrieved 2026-10-04"
cow:651,polity,Egypt,EGY,Independent state in the Correlates of War interstate system (COW ccode 651; abbreviation EGY),exists,1855,1882,high,"COW membership spell 1855-01-01 to 1882-09-15; COW citation: Correlates of War Project. 2025. ""State System Membership, v2024."" Online, https://correlatesofwar.org; retrieved 2026-10-04"
cow:651b,polity,Egypt,EGY,Independent state in the Correlates of War interstate system (COW ccode 651; abbreviation EGY),exists,1937,,high,"COW membership spell 1937-05-26 to 2024-12-31 (still a system member in v2024; end left open); COW citation: Correlates of War Project. 2025. ""State System Membership, v2024."" Online, https://correlatesofwar.org; retrieved 2026-10-04; re-entry spell of a state that exited the system and later returned (continuous membership is NOT implied across the gap)"
cow:652,polity,Syria,SYR,Independent state in the Correlates of War interstate system (COW ccode 652; abbreviation SYR),exists,1946,1958,high,"COW membership spell 1946-04-17 to 1958-02-01; COW citation: Correlates of War Project. 2025. ""State System Membership, v2024."" Online, https://correlatesofwar.org; retrieved 2026-10-04"
cow:652b,polity,Syria,SYR,Independent state in the Correlates of War interstate system (COW ccode 652; abbreviation SYR),exists,1961,,high,"COW membership spell 1961-09-29 to 2024-12-31 (still a system member in v2024; end left open); COW citation: Correlates of War Project. 2025. ""State System Membership, v2024."" Online, https://correlatesofwar.org; retrieved 2026-10-04; re-entry spell of a state that exited the system and later returned (continuous membership is NOT implied across the gap)"
cow:660,polity,Lebanon,LEB,Independent state in the Correlates of War interstate system (COW ccode 660; abbreviation LEB),exists,1946,,high,"COW membership spell 1946-03-10 to 2024-12-31 (still a system member in v2024; end left open); COW citation: Correlates of War Project. 2025. ""State System Membership, v2024."" Online, https://correlatesofwar.org; retrieved 2026-10-04"
cow:663,polity,Jordan,JOR,Independent state in the Correlates of War interstate system (COW ccode 663; abbreviation JOR),exists,1946,,high,"COW membership spell 1946-03-22 to 2024-12-31 (still a system member in v2024; end left open); COW citation: Correlates of War Project. 2025. ""State System Membership, v2024."" Online, https://correlatesofwar.org; retrieved 2026-10-04"
cow:666,polity,Israel,ISR,Independent state in the Correlates of War interstate system (COW ccode 666; abbreviation ISR),exists,1948,,high,"COW membership spell 1948-05-14 to 2024-12-31 (still a system member in v2024; end left open); COW citation: Correlates of War Project. 2025. ""State System Membership, v2024."" Online, https://correlatesofwar.org; retrieved 2026-10-04"
cow:670,polity,Saudi Arabia,SAU,Independent state in the Correlates of War interstate system (COW ccode 670; abbreviation SAU),exists,1927,,high,"COW membership spell 1927-05-20 to 2024-12-31 (still a system member in v2024; end left open); COW citation: Correlates of War Project. 2025. ""State System Membership, v2024."" Online, https://correlatesofwar.org; retrieved 2026-10-04"
cow:678,polity,Yemen Arab Republic,YAR,Independent state in the Correlates of War interstate system (COW ccode 678; abbreviation YAR),exists,1926,1990,high,"COW membership spell 1926-09-02 to 1990-05-21; COW citation: Correlates of War Project. 2025. ""State System Membership, v2024."" Online, https://correlatesofwar.org; retrieved 2026-10-04"
cow:679,polity,Yemen,YEM,Independent state in the Correlates of War interstate system (COW ccode 679; abbreviation YEM),exists,1990,,high,"COW membership spell 1990-05-22 to 2024-12-31 (still a system member in v2024; end left open); COW citation: Correlates of War Project. 2025. ""State System Membership, v2024."" Online, https://correlatesofwar.org; retrieved 2026-10-04"
cow:680,polity,Yemen People's Republic,YPR,Independent state in the Correlates of War interstate system (COW ccode 680; abbreviation YPR),exists,1967,1990,high,"COW membership spell 1967-11-30 to 1990-05-21; COW citation: Correlates of War Project. 2025. ""State System Membership, v2024."" Online, https://correlatesofwar.org; retrieved 2026-10-04"
cow:690,polity,Kuwait,KUW,Independent state in the Correlates of War interstate system (COW ccode 690; abbreviation KUW),exists,1961,,high,"COW membership spell 1961-06-19 to 2024-12-31 (still a system member in v2024; end left open); COW citation: Correlates of War Project. 2025. ""State System Membership, v2024."" Online, https://correlatesofwar.org; retrieved 2026-10-04"
cow:692,polity,Bahrain,BAH,Independent state in the Correlates of War interstate system (COW ccode 692; abbreviation BAH),exists,1971,,high,"COW membership spell 1971-08-15 to 2024-12-31 (still a system member in v2024; end left open); COW citation: Correlates of War Project. 2025. ""State System Membership, v2024."" Online, https://correlatesofwar.org; retrieved 2026-10-04"
cow:694,polity,Qatar,QAT,Independent state in the Correlates of War interstate system (COW ccode 694; abbreviation QAT),exists,1971,,high,"COW membership spell 1971-09-03 to 2024-12-31 (still a system member in v2024; end left open); COW citation: Correlates of War Project. 2025. ""State System Membership, v2024."" Online, https://correlatesofwar.org; retrieved 2026-10-04"
cow:696,polity,United Arab Emirates,UAE,Independent state in the Correlates of War interstate system (COW ccode 696; abbreviation UAE),exists,1971,,high,"COW membership spell 1971-12-02 to 2024-12-31 (still a system member in v2024; end left open); COW citation: Correlates of War Project. 2025. ""State System Membership, v2024."" Online, https://correlatesofwar.org; retrieved 2026-10-04"
cow:698,polity,Oman,OMA,Independent state in the Correlates of War interstate system (COW ccode 698; abbreviation OMA),exists,1971,,high,"COW membership spell 1971-10-07 to 2024-12-31 (still a system member in v2024; end left open); COW citation: Correlates of War Project. 2025. ""State System Membership, v2024."" Online, https://correlatesofwar.org; retrieved 2026-10-04"
cow:700,polity,Afghanistan,AFG,Independent state in the Correlates of War interstate system (COW ccode 700; abbreviation AFG),exists,1919,,high,"COW membership spell 1919-08-08 to 2024-12-31 (still a system member in v2024; end left open); COW citation: Correlates of War Project. 2025. ""State System Membership, v2024."" Online, https://correlatesofwar.org; retrieved 2026-10-04"
cow:701,polity,Turkmenistan,TKM,Independent state in the Correlates of War interstate system (COW ccode 701; abbreviation TKM),exists,1991,,high,"COW membership spell 1991-12-26 to 2024-12-31 (still a system member in v2024; end left open); COW citation: Correlates of War Project. 2025. ""State System Membership, v2024."" Online, https://correlatesofwar.org; retrieved 2026-10-04"
cow:702,polity,Tajikistan,TAJ,Independent state in the Correlates of War interstate system (COW ccode 702; abbreviation TAJ),exists,1991,,high,"COW membership spell 1991-12-26 to 2024-12-31 (still a system member in v2024; end left open); COW citation: Correlates of War Project. 2025. ""State System Membership, v2024."" Online, https://correlatesofwar.org; retrieved 2026-10-04"
cow:703,polity,Kyrgyzstan,KYR,Independent state in the Correlates of War interstate system (COW ccode 703; abbreviation KYR),exists,1991,,high,"COW membership spell 1991-12-26 to 2024-12-31 (still a system member in v2024; end left open); COW citation: Correlates of War Project. 2025. ""State System Membership, v2024."" Online, https://correlatesofwar.org; retrieved 2026-10-04"
cow:704,polity,Uzbekistan,UZB,Independent state in the Correlates of War interstate system (COW ccode 704; abbreviation UZB),exists,1991,,high,"COW membership spell 1991-12-26 to 2024-12-31 (still a system member in v2024; end left open); COW citation: Correlates of War Project. 2025. ""State System Membership, v2024."" Online, https://correlatesofwar.org; retrieved 2026-10-04"
cow:705,polity,Kazakhstan,KZK,Independent state in the Correlates of War interstate system (COW ccode 705; abbreviation KZK),exists,1991,,high,"COW membership spell 1991-12-26 to 2024-12-31 (still a system member in v2024; end left open); COW citation: Correlates of War Project. 2025. ""State System Membership, v2024."" Online, https://correlatesofwar.org; retrieved 2026-10-04"
cow:710,polity,China,CHN,Independent state in the Correlates of War interstate system (COW ccode 710; abbreviation CHN),exists,1860,,high,"COW membership spell 1860-10-25 to 2024-12-31 (still a system member in v2024; end left open); COW citation: Correlates of War Project. 2025. ""State System Membership, v2024."" Online, https://correlatesofwar.org; retrieved 2026-10-04"
cow:712,polity,Mongolia,MON,Independent state in the Correlates of War interstate system (COW ccode 712; abbreviation MON),exists,1921,,high,"COW membership spell 1921-03-13 to 2024-12-31 (still a system member in v2024; end left open); COW citation: Correlates of War Project. 2025. ""State System Membership, v2024."" Online, https://correlatesofwar.org; retrieved 2026-10-04"
cow:713,polity,Taiwan,TAW,Independent state in the Correlates of War interstate system (COW ccode 713; abbreviation TAW),exists,1949,,high,"COW membership spell 1949-12-08 to 2024-12-31 (still a system member in v2024; end left open); COW citation: Correlates of War Project. 2025. ""State System Membership, v2024."" Online, https://correlatesofwar.org; retrieved 2026-10-04"
cow:730,polity,Korea,KOR,Independent state in the Correlates of War interstate system (COW ccode 730; abbreviation KOR),exists,1887,1905,high,"COW membership spell 1887-01-01 to 1905-11-17; COW citation: Correlates of War Project. 2025. ""State System Membership, v2024."" Online, https://correlatesofwar.org; retrieved 2026-10-04"
cow:731,polity,North Korea,PRK,Independent state in the Correlates of War interstate system (COW ccode 731; abbreviation PRK),exists,1948,,high,"COW membership spell 1948-09-09 to 2024-12-31 (still a system member in v2024; end left open); COW citation: Correlates of War Project. 2025. ""State System Membership, v2024."" Online, https://correlatesofwar.org; retrieved 2026-10-04"
cow:732,polity,South Korea,ROK,Independent state in the Correlates of War interstate system (COW ccode 732; abbreviation ROK),exists,1949,,high,"COW membership spell 1949-06-29 to 2024-12-31 (still a system member in v2024; end left open); COW citation: Correlates of War Project. 2025. ""State System Membership, v2024."" Online, https://correlatesofwar.org; retrieved 2026-10-04"
cow:740,polity,Japan,JPN,Independent state in the Correlates of War interstate system (COW ccode 740; abbreviation JPN),exists,1860,1945,high,"COW membership spell 1860-01-01 to 1945-08-14; COW citation: Correlates of War Project. 2025. ""State System Membership, v2024."" Online, https://correlatesofwar.org; retrieved 2026-10-04"
cow:740b,polity,Japan,JPN,Independent state in the Correlates of War interstate system (COW ccode 740; abbreviation JPN),exists,1952,,high,"COW membership spell 1952-04-28 to 2024-12-31 (still a system member in v2024; end left open); COW citation: Correlates of War Project. 2025. ""State System Membership, v2024."" Online, https://correlatesofwar.org; retrieved 2026-10-04; re-entry spell of a state that exited the system and later returned (continuous membership is NOT implied across the gap)"
cow:750,polity,India,IND,Independent state in the Correlates of War interstate system (COW ccode 750; abbreviation IND),exists,1947,,high,"COW membership spell 1947-08-15 to 2024-12-31 (still a system member in v2024; end left open); COW citation: Correlates of War Project. 2025. ""State System Membership, v2024."" Online, https://correlatesofwar.org; retrieved 2026-10-04"
cow:760,polity,Bhutan,BHU,Independent state in the Correlates of War interstate system (COW ccode 760; abbreviation BHU),exists,1971,,high,"COW membership spell 1971-09-21 to 2024-12-31 (still a system member in v2024; end left open); COW citation: Correlates of War Project. 2025. ""State System Membership, v2024."" Online, https://correlatesofwar.org; retrieved 2026-10-04"
cow:770,polity,Pakistan,PAK,Independent state in the Correlates of War interstate system (COW ccode 770; abbreviation PAK),exists,1947,,high,"COW membership spell 1947-08-14 to 2024-12-31 (still a system member in v2024; end left open); COW citation: Correlates of War Project. 2025. ""State System Membership, v2024."" Online, https://correlatesofwar.org; retrieved 2026-10-04"
cow:771,polity,Bangladesh,BNG,Independent state in the Correlates of War interstate system (COW ccode 771; abbreviation BNG),exists,1971,,high,"COW membership spell 1971-12-16 to 2024-12-31 (still a system member in v2024; end left open); COW citation: Correlates of War Project. 2025. ""State System Membership, v2024."" Online, https://correlatesofwar.org; retrieved 2026-10-04"
cow:775,polity,Myanmar,MYA,Independent state in the Correlates of War interstate system (COW ccode 775; abbreviation MYA),exists,1948,,high,"COW membership spell 1948-01-04 to 2024-12-31 (still a system member in v2024; end left open); COW citation: Correlates of War Project. 2025. ""State System Membership, v2024."" Online, https://correlatesofwar.org; retrieved 2026-10-04"
cow:780,polity,Sri Lanka,SRI,Independent state in the Correlates of War interstate system (COW ccode 780; abbreviation SRI),exists,1948,,high,"COW membership spell 1948-02-04 to 2024-12-31 (still a system member in v2024; end left open); COW citation: Correlates of War Project. 2025. ""State System Membership, v2024."" Online, https://correlatesofwar.org; retrieved 2026-10-04"
cow:781,polity,Maldives,MAD,Independent state in the Correlates of War interstate system (COW ccode 781; abbreviation MAD),exists,1965,,high,"COW membership spell 1965-07-26 to 2024-12-31 (still a system member in v2024; end left open); COW citation: Correlates of War Project. 2025. ""State System Membership, v2024."" Online, https://correlatesofwar.org; retrieved 2026-10-04"
cow:790,polity,Nepal,NEP,Independent state in the Correlates of War interstate system (COW ccode 790; abbreviation NEP),exists,1920,,high,"COW membership spell 1920-01-01 to 2024-12-31 (still a system member in v2024; end left open); COW citation: Correlates of War Project. 2025. ""State System Membership, v2024."" Online, https://correlatesofwar.org; retrieved 2026-10-04"
cow:800,polity,Thailand,THI,Independent state in the Correlates of War interstate system (COW ccode 800; abbreviation THI),exists,1887,,high,"COW membership spell 1887-01-01 to 2024-12-31 (still a system member in v2024; end left open); COW citation: Correlates of War Project. 2025. ""State System Membership, v2024."" Online, https://correlatesofwar.org; retrieved 2026-10-04"
cow:811,polity,Cambodia,CAM,Independent state in the Correlates of War interstate system (COW ccode 811; abbreviation CAM),exists,1953,,high,"COW membership spell 1953-11-09 to 2024-12-31 (still a system member in v2024; end left open); COW citation: Correlates of War Project. 2025. ""State System Membership, v2024."" Online, https://correlatesofwar.org; retrieved 2026-10-04"
cow:812,polity,Laos,LAO,Independent state in the Correlates of War interstate system (COW ccode 812; abbreviation LAO),exists,1953,,high,"COW membership spell 1953-10-23 to 2024-12-31 (still a system member in v2024; end left open); COW citation: Correlates of War Project. 2025. ""State System Membership, v2024."" Online, https://correlatesofwar.org; retrieved 2026-10-04"
cow:816,polity,Vietnam,DRV,Independent state in the Correlates of War interstate system (COW ccode 816; abbreviation DRV),exists,1954,,high,"COW membership spell 1954-07-21 to 2024-12-31 (still a system member in v2024; end left open); COW citation: Correlates of War Project. 2025. ""State System Membership, v2024."" Online, https://correlatesofwar.org; retrieved 2026-10-04"
cow:817,polity,Republic of Vietnam,RVN,Independent state in the Correlates of War interstate system (COW ccode 817; abbreviation RVN),exists,1954,1975,high,"COW membership spell 1954-06-04 to 1975-04-30; COW citation: Correlates of War Project. 2025. ""State System Membership, v2024."" Online, https://correlatesofwar.org; retrieved 2026-10-04"
cow:820,polity,Malaysia,MAL,Independent state in the Correlates of War interstate system (COW ccode 820; abbreviation MAL),exists,1957,,high,"COW membership spell 1957-08-31 to 2024-12-31 (still a system member in v2024; end left open); COW citation: Correlates of War Project. 2025. ""State System Membership, v2024."" Online, https://correlatesofwar.org; retrieved 2026-10-04"
cow:830,polity,Singapore,SIN,Independent state in the Correlates of War interstate system (COW ccode 830; abbreviation SIN),exists,1965,,high,"COW membership spell 1965-08-09 to 2024-12-31 (still a system member in v2024; end left open); COW citation: Correlates of War Project. 2025. ""State System Membership, v2024."" Online, https://correlatesofwar.org; retrieved 2026-10-04"
cow:835,polity,Brunei,BRU,Independent state in the Correlates of War interstate system (COW ccode 835; abbreviation BRU),exists,1984,,high,"COW membership spell 1984-01-01 to 2024-12-31 (still a system member in v2024; end left open); COW citation: Correlates of War Project. 2025. ""State System Membership, v2024."" Online, https://correlatesofwar.org; retrieved 2026-10-04"
cow:840,polity,Philippines,PHI,Independent state in the Correlates of War interstate system (COW ccode 840; abbreviation PHI),exists,1946,,high,"COW membership spell 1946-07-04 to 2024-12-31 (still a system member in v2024; end left open); COW citation: Correlates of War Project. 2025. ""State System Membership, v2024."" Online, https://correlatesofwar.org; retrieved 2026-10-04"
cow:850,polity,Indonesia,INS,Independent state in the Correlates of War interstate system (COW ccode 850; abbreviation INS),exists,1949,,high,"COW membership spell 1949-12-27 to 2024-12-31 (still a system member in v2024; end left open); COW citation: Correlates of War Project. 2025. ""State System Membership, v2024."" Online, https://correlatesofwar.org; retrieved 2026-10-04"
cow:860,polity,East Timor,ETM,Independent state in the Correlates of War interstate system (COW ccode 860; abbreviation ETM),exists,2002,,high,"COW membership spell 2002-09-27 to 2024-12-31 (still a system member in v2024; end left open); COW citation: Correlates of War Project. 2025. ""State System Membership, v2024."" Online, https://correlatesofwar.org; retrieved 2026-10-04"
cow:900,polity,Australia,AUL,Independent state in the Correlates of War interstate system (COW ccode 900; abbreviation AUL),exists,1920,,high,"COW membership spell 1920-01-10 to 2024-12-31 (still a system member in v2024; end left open); COW citation: Correlates of War Project. 2025. ""State System Membership, v2024."" Online, https://correlatesofwar.org; retrieved 2026-10-04"
cow:910,polity,Papua New Guinea,PNG,Independent state in the Correlates of War interstate system (COW ccode 910; abbreviation PNG),exists,1975,,high,"COW membership spell 1975-09-16 to 2024-12-31 (still a system member in v2024; end left open); COW citation: Correlates of War Project. 2025. ""State System Membership, v2024."" Online, https://correlatesofwar.org; retrieved 2026-10-04"
cow:920,polity,New Zealand,NEW,Independent state in the Correlates of War interstate system (COW ccode 920; abbreviation NEW),exists,1920,,high,"COW membership spell 1920-01-10 to 2024-12-31 (still a system member in v2024; end left open); COW citation: Correlates of War Project. 2025. ""State System Membership, v2024."" Online, https://correlatesofwar.org; retrieved 2026-10-04"
cow:935,polity,Vanuatu,VAN,Independent state in the Correlates of War interstate system (COW ccode 935; abbreviation VAN),exists,1981,,high,"COW membership spell 1981-09-15 to 2024-12-31 (still a system member in v2024; end left open); COW citation: Correlates of War Project. 2025. ""State System Membership, v2024."" Online, https://correlatesofwar.org; retrieved 2026-10-04"
cow:940,polity,Solomon Islands,SOL,Independent state in the Correlates of War interstate system (COW ccode 940; abbreviation SOL),exists,1978,,high,"COW membership spell 1978-07-07 to 2024-12-31 (still a system member in v2024; end left open); COW citation: Correlates of War Project. 2025. ""State System Membership, v2024."" Online, https://correlatesofwar.org; retrieved 2026-10-04"
cow:946,polity,Kiribati,KIR,Independent state in the Correlates of War interstate system (COW ccode 946; abbreviation KIR),exists,1999,,high,"COW membership spell 1999-09-14 to 2024-12-31 (still a system member in v2024; end left open); COW citation: Correlates of War Project. 2025. ""State System Membership, v2024."" Online, https://correlatesofwar.org; retrieved 2026-10-04"
cow:947,polity,Tuvalu,TUV,Independent state in the Correlates of War interstate system (COW ccode 947; abbreviation TUV),exists,2000,,high,"COW membership spell 2000-09-05 to 2024-12-31 (still a system member in v2024; end left open); COW citation: Correlates of War Project. 2025. ""State System Membership, v2024."" Online, https://correlatesofwar.org; retrieved 2026-10-04"
cow:950,polity,Fiji,FIJ,Independent state in the Correlates of War interstate system (COW ccode 950; abbreviation FIJ),exists,1970,,high,"COW membership spell 1970-10-10 to 2024-12-31 (still a system member in v2024; end left open); COW citation: Correlates of War Project. 2025. ""State System Membership, v2024."" Online, https://correlatesofwar.org; retrieved 2026-10-04"
cow:955,polity,Tonga,TON,Independent state in the Correlates of War interstate system (COW ccode 955; abbreviation TON),exists,1999,,high,"COW membership spell 1999-09-14 to 2024-12-31 (still a system member in v2024; end left open); COW citation: Correlates of War Project. 2025. ""State System Membership, v2024."" Online, https://correlatesofwar.org; retrieved 2026-10-04"
cow:970,polity,Nauru,NAU,Independent state in the Correlates of War interstate system (COW ccode 970; abbreviation NAU),exists,1999,,high,"COW membership spell 1999-09-14 to 2024-12-31 (still a system member in v2024; end left open); COW citation: Correlates of War Project. 2025. ""State System Membership, v2024."" Online, https://correlatesofwar.org; retrieved 2026-10-04"
cow:983,polity,Marshall Islands,MSI,Independent state in the Correlates of War interstate system (COW ccode 983; abbreviation MSI),exists,1991,,high,"COW membership spell 1991-09-17 to 2024-12-31 (still a system member in v2024; end left open); COW citation: Correlates of War Project. 2025. ""State System Membership, v2024."" Online, https://correlatesofwar.org; retrieved 2026-10-04"
cow:986,polity,Palau,PAL,Independent state in the Correlates of War interstate system (COW ccode 986; abbreviation PAL),exists,1994,,high,"COW membership spell 1994-12-15 to 2024-12-31 (still a system member in v2024; end left open); COW citation: Correlates of War Project. 2025. ""State System Membership, v2024."" Online, https://correlatesofwar.org; retrieved 2026-10-04"
cow:987,polity,Federated States of Micronesia,FSM,Independent state in the Correlates of War interstate system (COW ccode 987; abbreviation FSM),exists,1991,,high,"COW membership spell 1991-09-17 to 2024-12-31 (still a system member in v2024; end left open); COW citation: Correlates of War Project. 2025. ""State System Membership, v2024."" Online, https://correlatesofwar.org; retrieved 2026-10-04"
cow:990,polity,Samoa,WSM,Independent state in the Correlates of War interstate system (COW ccode 990; abbreviation WSM),exists,1976,,high,"COW membership spell 1976-12-15 to 2024-12-31 (still a system member in v2024; end left open); COW citation: Correlates of War Project. 2025. ""State System Membership, v2024."" Online, https://correlatesofwar.org; retrieved 2026-10-04"
